{"features":[0.03036805,-0.085586764,-0.10225402,0.10678367,-0.012270833,0.08339423,0.011010214,0.12520863,0.043803427,0.0905509,0.038782686,0.10452833,0.238002,0.03329446,-0.1699414,0.07187936,0.014182376,-0.054093353,0.22738561,-0.0040054577,0.002041552,-0.07228617,-0.030276097,-0.15688363,-0.07253803,-0.026599413,-0.06457023,0.0111711025,0.07374057,-0.052102897,0.068045855,0.035631433,-0.1454385,0.03181795,0.081604704,-0.17180404,-0.090162,-0.023655927,-0.033815775,0.031695403,0.014485206,-0.031379912,-0.23449773,-0.06104953,-0.1141743,0.09676405,0.096667774,0.08797066,0.15065908,-0.0015563811,-0.104065314,0.018642643,-0.06328464,-0.04738841,-0.07197296,0.03132659,-0.05950265,0.14162147,-0.107278086,0.04548737,0.1169325,0.10918816,0.09241968,0.040150777,0.018529953,-0.06811208,0.09420326,0.071051285,0.2388479,0.09273106,0.027427908,-0.06355018,0.07517525,-0.09016694,-0.045694325,0.12178008,-0.08911278,-0.012454076,-0.087355785,-0.010425659,0.20364183,-0.019509004,-0.049066257,0.08844795,-0.22188833,0.07347136,-0.076635554,-0.10760824,-0.10019129,-0.0655563,-0.08633156,0.045589827,-0.082335375,0.08480965,0.01850068,-0.050314147,0.1523457,0.01685596,0.023079157,-0.009923718,0.108073674,0.0038476794,0.1209758,0.029989325,-0.059242867,-0.054927703,-0.091707446,0.052523144,0.051833108,0.13558634,0.054500762,0.013168063,0.06853481,-0.03158859,-0.047002554,-0.07845002,-0.00989276,-0.042372804,0.055826146,-0.009939276,0.045947272,0.016618788,-0.00225177,-0.09858851,-0.01968622,-0.0687675,0.005613196,-0.06698342],"faceLabel":"justin bieber","identifier":0}